packet_count,bytes_total,packet_size_mean,packet_size_std,iat_mean,iat_std,label
10,634,63.4,6.437390775772433,0.02174443668789334,0.023996589445873653,timing_attack
9,573,63.666666666666664,7.1336448530109,0.02371463179588318,0.012892821332762178,timing_attack
10,644,64.4,7.116178749862879,0.018598318099975586,0.016186224905640364,timing_attack
10,627,62.7,7.362744053679987,0.020238240559895832,0.015480219453887044,timing_attack
11,710,64.54545454545455,6.800583348823652,0.016080689430236817,0.016648506875808003,timing_attack
10,627,62.7,7.362744053679987,0.020838340123494465,0.018923674555505386,timing_attack
10,656,65.6,6.216108107168021,0.017706208758884005,0.016415475519182727,timing_attack
10,627,62.7,7.362744053679987,0.02039843135409885,0.018898018491479245,timing_attack
10,639,63.9,6.803675477269621,0.020319011476304796,0.015995605358855948,timing_attack
10,644,64.4,7.116178749862879,0.018568224377102323,0.016076047258434454,timing_attack
9,573,63.666666666666664,7.1336448530109,0.019974350929260254,0.012358242926247596,timing_attack
11,705,64.0909090909091,6.515081042606878,0.015064811706542969,0.017970274013255974,timing_attack
11,693,63.0,7.083912632282966,0.018530511856079103,0.018937135739643257,timing_attack
10,644,64.4,7.116178749862879,0.01847044626871745,0.016340636868086688,timing_attack
11,705,64.0909090909091,6.515081042606878,0.016941380500793458,0.012919159714061115,timing_attack
10,639,63.9,6.803675477269621,0.01766000853644477,0.013269131644485958,timing_attack
10,639,63.9,6.803675477269621,0.019581768247816298,0.01744824393644758,timing_attack
9,573,63.666666666666664,7.1336448530109,0.018102526664733887,0.014240283481095966,timing_attack
11,705,64.0909090909091,6.515081042606878,0.01600480079650879,0.015053066814272334,timing_attack
9,573,63.666666666666664,7.1336448530109,0.017790377140045166,0.014173892975134335,timing_attack
9,573,63.666666666666664,7.1336448530109,0.020114868879318237,0.012547179844520369,timing_attack
9,573,63.666666666666664,7.1336448530109,0.018089354038238525,0.013631626629553912,timing_attack
13,837,64.38461538461539,6.032456592830048,0.012835999329884848,0.015453230347535197,timing_attack
11,705,64.0909090909091,6.515081042606878,0.016815900802612305,0.013452387687747227,timing_attack
11,705,64.0909090909091,6.515081042606878,0.015803313255310057,0.017782287066420217,timing_attack
9,568,63.111111111111114,6.723829009069897,0.018784523010253906,0.015714251555813345,timing_attack
10,651,65.1,5.957348403442592,0.017730447981092665,0.014775491603583652,timing_attack
10,627,62.7,7.362744053679987,0.020342323515150283,0.015072778204650961,timing_attack
11,705,64.0909090909091,6.515081042606878,0.018421292304992676,0.01706061829094521,timing_attack
8,519,64.875,6.641488914392616,0.02046401160103934,0.014214825591798307,timing_attack
9,573,63.666666666666664,7.1336448530109,0.01808348298072815,0.015552041027737506,timing_attack
15,962,64.13333333333334,6.448427887649999,0.01382749421255929,0.016256730195584674,timing_attack
9,580,64.44444444444444,5.92754607482184,0.018801987171173096,0.015631848948890296,timing_attack
12,759,63.25,6.832825184358224,0.016777623783458363,0.017141744109532023,timing_attack
11,705,64.0909090909091,6.515081042606878,0.018383502960205078,0.020225297084171565,timing_attack
11,710,64.54545454545455,6.800583348823652,0.01903350353240967,0.015054742395127139,timing_attack
9,573,63.666666666666664,7.1336448530109,0.015872269868850708,0.015015402150737028,timing_attack
10,627,62.7,7.362744053679987,0.0203755431705051,0.014805922774198742,timing_attack
12,783,65.25,5.448623679425842,0.016113909808072178,0.015608570614912607,timing_attack
8,519,64.875,6.641488914392616,0.020383289882114956,0.01797079609986958,timing_attack
9,573,63.666666666666664,7.1336448530109,0.022898614406585693,0.01403542599006505,timing_attack
9,573,63.666666666666664,7.1336448530109,0.02307012677192688,0.0186809688973061,timing_attack
10,651,65.1,5.957348403442592,0.01608432663811578,0.020495485357440554,timing_attack
13,837,64.38461538461539,6.032456592830048,0.014079233010609945,0.014353434209080517,timing_attack
9,573,63.666666666666664,7.1336448530109,0.01988363265991211,0.01278171098826968,timing_attack
9,573,63.666666666666664,7.1336448530109,0.01795712113380432,0.013895919230151118,timing_attack
10,627,62.7,7.362744053679987,0.02014833026462131,0.015170752193561675,timing_attack
11,705,64.0909090909091,6.515081042606878,0.0183866024017334,0.01975613328873399,timing_attack
11,710,64.54545454545455,6.800583348823652,0.017677903175354004,0.018935796318815198,timing_attack
9,573,63.666666666666664,7.1336448530109,0.01783272624015808,0.01888182089918096,timing_attack
14,896,64.0,6.654751256486923,0.013500231962937575,0.016768919205844467,timing_attack
11,705,64.0909090909091,6.515081042606878,0.015897393226623535,0.015767307733859717,timing_attack
11,705,64.0909090909091,6.515081042606878,0.014385581016540527,0.015823410369887964,timing_attack
16,1028,64.25,6.2599920127744575,0.012422990798950196,0.015985782734655358,timing_attack
8,519,64.875,6.641488914392616,0.017990010125296458,0.015299504975975667,timing_attack
11,710,64.54545454545455,6.800583348823651,0.0159498929977417,0.01675685430062852,timing_attack
11,705,64.0909090909091,6.515081042606878,0.015747904777526855,0.01534241272167148,timing_attack
13,825,63.46153846153846,6.605538289547231,0.015386839707692465,0.019450464191373074,timing_attack
9,573,63.666666666666664,7.1336448530109,0.02369275689125061,0.013434853207809832,timing_attack
10,639,63.9,6.803675477269621,0.02129175927903917,0.016471307386723023,timing_attack
10,639,63.9,6.803675477269621,0.020384894476996526,0.018188858665384527,timing_attack
12,771,64.25,6.2599920127744575,0.017534104260531338,0.017929582688213687,timing_attack
10,651,65.1,5.957348403442592,0.01776954862806532,0.018449703569892183,timing_attack
10,627,62.7,7.362744053679987,0.020434459050496418,0.019426412509910816,timing_attack
9,573,63.666666666666664,7.1336448530109,0.022924751043319702,0.015727810367166164,timing_attack
10,651,65.1,5.957348403442592,0.016979217529296875,0.014247154515571231,timing_attack
11,705,64.0909090909091,6.515081042606878,0.015857601165771486,0.01614752377678151,timing_attack
9,573,63.666666666666664,7.1336448530109,0.019908994436264038,0.01265615941923321,timing_attack
11,705,64.0909090909091,6.515081042606878,0.017615795135498047,0.014276152104667195,timing_attack
11,705,64.0909090909091,6.515081042606878,0.016359686851501465,0.01517171538166387,timing_attack
10,639,63.9,6.803675477269621,0.015969779756334092,0.014277032209223191,timing_attack
9,580,64.44444444444444,5.92754607482184,0.018527865409851074,0.015636633754636618,timing_attack
11,705,64.0909090909091,6.515081042606878,0.016054821014404298,0.015548591663652963,timing_attack
9,573,63.666666666666664,7.1336448530109,0.019911974668502808,0.013232467473899539,timing_attack
12,759,63.25,6.832825184358224,0.01652227748524059,0.016555488294926285,timing_attack
10,651,65.1,5.957348403442592,0.01770978503757053,0.01702267157936693,timing_attack
11,705,64.0909090909091,6.515081042606878,0.01598467826843262,0.018327123067081764,timing_attack
14,896,64.0,6.654751256486923,0.014721228526188778,0.018687418572201842,timing_attack
9,573,63.666666666666664,7.1336448530109,0.01780638098716736,0.014612188716134743,timing_attack
9,573,63.666666666666664,7.1336448530109,0.018112599849700928,0.014581667011910741,timing_attack
9,573,63.666666666666664,7.1336448530109,0.017695993185043335,0.014412220103954092,timing_attack
11,705,64.0909090909091,6.515081042606878,0.015975213050842284,0.015532412301020947,timing_attack
13,837,64.38461538461539,6.032456592830048,0.013292590777079264,0.015680046932024735,timing_attack
11,705,64.0909090909091,6.515081042606878,0.015192294120788574,0.013779249665445996,timing_attack
13,842,64.76923076923077,6.2776017732625125,0.01343083381652832,0.015347166096287078,timing_attack
11,705,64.0909090909091,6.515081042606878,0.015184688568115234,0.01719743460792822,timing_attack
11,705,64.0909090909091,6.515081042606878,0.017755508422851562,0.018199059887776682,timing_attack
11,705,64.0909090909091,6.515081042606878,0.017419099807739258,0.012668512642766213,timing_attack
11,705,64.0909090909091,6.515081042606878,0.015306997299194335,0.01349002330278684,timing_attack
9,568,63.111111111111114,6.723829009069897,0.018788397312164307,0.01600909169169638,timing_attack
11,705,64.0909090909091,6.515081042606878,0.018407201766967772,0.02024592390568672,timing_attack
11,705,64.0909090909091,6.515081042606878,0.018462586402893066,0.017310017041502066,timing_attack
10,639,63.9,6.803675477269621,0.020530435774061415,0.015139008110933137,timing_attack
9,585,65.0,6.27162924074226,0.0176524817943573,0.021121551254472154,timing_attack
11,705,64.0909090909091,6.515081042606878,0.01594998836517334,0.015229229213870795,timing_attack
9,573,63.666666666666664,7.1336448530109,0.02024322748184204,0.012036005252503864,timing_attack
10,634,63.4,6.437390775772433,0.01669155226813422,0.015383181253472768,timing_attack
10,639,63.9,6.803675477269621,0.021329879760742188,0.015472473699820629,timing_attack
9,573,63.666666666666664,7.1336448530109,0.023063242435455322,0.013977652816856864,timing_attack
10,651,65.1,5.957348403442592,0.016919109556410048,0.013883108466647942,timing_attack
11,705,64.0909090909091,6.515081042606878,0.015652680397033693,0.015124490091699267,timing_attack
10,627,62.7,7.362744053679987,0.02042312092251248,0.019111206073130816,timing_attack
12,771,64.25,6.2599920127744575,0.016711733557961204,0.01741529854773255,timing_attack
11,705,64.0909090909091,6.515081042606878,0.01914069652557373,0.017691014854504514,timing_attack
10,644,64.4,7.116178749862879,0.01852242151896159,0.016819254180451684,timing_attack
11,705,64.0909090909091,6.515081042606878,0.01527078151702881,0.014111562740144818,timing_attack
11,693,63.0,7.083912632282966,0.018406391143798828,0.01577381375401574,timing_attack
10,644,64.4,7.116178749862879,0.01877488030327691,0.016249245073885015,timing_attack
11,705,64.0909090909091,6.515081042606878,0.016800117492675782,0.013867779431649815,timing_attack
9,573,63.666666666666664,7.1336448530109,0.017962366342544556,0.014581738543800259,timing_attack
11,705,64.0909090909091,6.515081042606878,0.017587614059448243,0.014449709231816689,timing_attack
10,634,63.4,6.437390775772433,0.018401755226982966,0.014858999998455764,timing_attack
12,776,64.66666666666667,6.523461930260309,0.0163295485756614,0.015830111603543834,timing_attack
10,634,63.4,6.437390775772432,0.01856578720940484,0.015250648146081099,timing_attack
10,639,63.9,6.803675477269621,0.021500110626220703,0.01618491066158096,timing_attack
10,639,63.9,6.803675477269621,0.020433982213338215,0.01896029886319544,timing_attack
9,573,63.666666666666664,7.1336448530109,0.023721128702163696,0.022879292491875952,timing_attack
9,573,63.666666666666664,7.1336448530109,0.023989498615264893,0.018287159078296023,timing_attack
9,573,63.666666666666664,7.1336448530109,0.0241125226020813,0.013969659630201005,timing_attack
9,585,65.0,6.27162924074226,0.02004563808441162,0.014596247421437876,timing_attack
9,573,63.666666666666664,7.1336448530109,0.023060977458953857,0.020222924084724092,timing_attack
11,710,64.54545454545455,6.800583348823652,0.01924309730529785,0.018634453949353626,timing_attack
7,448,64.0,6.654751256486923,0.022338151931762695,0.013126701232996857,timing_attack
7,453,64.71428571428571,7.085483867221283,0.029412190119425457,0.017089429392171878,timing_attack
7,448,64.0,6.654751256486923,0.02379898230234782,0.01956282248458296,timing_attack
7,448,64.0,6.654751256486923,0.028837164243062336,0.012255837916450024,timing_attack
6,382,63.666666666666664,7.1336448530109,0.027443790435791017,0.011998093064049906,timing_attack
8,502,62.75,7.048936089935842,0.026350430079868863,0.017255791695633512,timing_attack
8,526,65.75,4.9180788932265,0.02285500935145787,0.02208159293233465,timing_attack
6,382,63.666666666666664,7.1336448530109,0.031058359146118163,0.012704961561227102,timing_attack
8,514,64.25,6.2599920127744575,0.022652012961251394,0.01857554411362267,timing_attack
6,382,63.666666666666664,7.1336448530109,0.031827783584594725,0.019935940967202744,timing_attack
6,382,63.666666666666664,7.1336448530109,0.027884197235107423,0.011890415028764886,timing_attack
7,436,62.285714285714285,7.420325093268887,0.03068081537882487,0.01785253150527802,timing_attack
8,519,64.875,6.641488914392616,0.022289718900408064,0.018056064835389195,timing_attack
9,573,63.666666666666664,7.1336448530109,0.020163744688034058,0.014022032747017616,timing_attack
9,573,63.666666666666664,7.1336448530109,0.019862622022628784,0.015032102926460698,timing_attack
9,573,63.666666666666664,7.1336448530109,0.01991012692451477,0.0125925091715696,timing_attack
10,627,62.7,7.362744053679987,0.020379755232069228,0.01493549920242195,timing_attack
11,710,64.54545454545455,6.800583348823652,0.01939549446105957,0.017847556313921615,timing_attack
9,573,63.666666666666664,7.1336448530109,0.019910484552383423,0.012532974157074564,timing_attack
11,705,64.0909090909091,6.515081042606878,0.015667295455932616,0.01883984396355528,timing_attack
9,573,63.666666666666664,7.1336448530109,0.016001999378204346,0.015528911522529361,timing_attack
11,705,64.0909090909091,6.515081042606878,0.015866994857788086,0.015377817409397147,timing_attack
10,651,65.1,5.957348403442592,0.017915672726101346,0.014991399533099534,timing_attack
11,705,64.0909090909091,6.515081042606878,0.015421605110168457,0.013741870939140392,timing_attack
11,705,64.0909090909091,6.515081042606878,0.017019820213317872,0.01308182902411172,timing_attack
10,634,63.4,6.437390775772432,0.016779793633355036,0.01575151199212869,timing_attack
10,644,64.4,7.116178749862879,0.02020022604200575,0.01912193410322886,timing_attack
10,634,63.4,6.437390775772432,0.01853322982788086,0.015718210356938038,timing_attack
10,639,63.9,6.803675477269621,0.021140654881795246,0.019704112455679212,timing_attack
10,639,63.9,6.803675477269621,0.020458883709377713,0.015393143617735491,timing_attack
10,644,64.4,7.116178749862879,0.020441982481214736,0.01518938253337444,timing_attack
9,573,63.666666666666664,7.1336448530109,0.0177764892578125,0.013844689178498085,timing_attack
11,705,64.0909090909091,6.515081042606878,0.015836501121520997,0.014915490541616038,timing_attack
12,759,63.25,6.832825184358224,0.016576723618940872,0.0167746106550245,timing_attack
12,783,65.25,5.448623679425842,0.015284624966708097,0.014709674251697741,timing_attack
13,837,64.38461538461539,6.032456592830048,0.013207077980041504,0.01632737919238377,timing_attack
9,573,63.666666666666664,7.1336448530109,0.01992887258529663,0.012759990449839187,timing_attack
11,705,64.0909090909091,6.515081042606878,0.014296817779541015,0.015908055512356977,timing_attack
11,710,64.54545454545455,6.800583348823651,0.015952086448669432,0.016114703112740447,timing_attack
11,705,64.0909090909091,6.515081042606878,0.016153907775878905,0.01535391125838578,timing_attack
9,573,63.666666666666664,7.1336448530109,0.017835766077041626,0.014535741862737782,timing_attack
13,825,63.46153846153846,6.605538289547231,0.015380005041758219,0.01737827402923927,timing_attack
12,776,64.66666666666667,6.523461930260309,0.017664194107055664,0.015063548337591041,timing_attack
8,502,62.75,7.048936089935842,0.021518264498029436,0.012790180536134774,timing_attack
10,639,63.9,6.803675477269621,0.021190325419108074,0.016617392542114962,timing_attack
10,651,65.1,5.957348403442592,0.016930235756768122,0.01798559555716237,timing_attack
9,573,63.666666666666664,7.1336448530109,0.01976761221885681,0.013408988088074664,timing_attack
13,837,64.38461538461539,6.032456592830048,0.014597654342651367,0.01588411956213592,timing_attack
9,573,63.666666666666664,7.1336448530109,0.019896745681762695,0.017548693909242134,timing_attack
13,837,64.38461538461539,6.032456592830048,0.012761076291402182,0.0154540814405348,timing_attack
11,705,64.0909090909091,6.515081042606878,0.014335012435913086,0.015275604410367424,timing_attack
9,573,63.666666666666664,7.1336448530109,0.020011991262435913,0.017584494719244483,timing_attack
11,705,64.0909090909091,6.515081042606878,0.015158581733703613,0.013801023375316182,timing_attack
11,705,64.0909090909091,6.515081042606878,0.01519930362701416,0.017249065714733936,timing_attack
9,573,63.666666666666664,7.1336448530109,0.019915491342544556,0.012347651153337722,timing_attack
9,573,63.666666666666664,7.1336448530109,0.018036603927612305,0.018339095262631736,timing_attack
11,705,64.0909090909091,6.515081042606878,0.015063595771789551,0.01784318605912079,timing_attack
12,759,63.25,6.832825184358224,0.016632556915283203,0.01677255734552493,timing_attack
10,651,65.1,5.957348403442592,0.01675142182244195,0.017924064894967416,timing_attack
11,705,64.0909090909091,6.515081042606878,0.017766785621643067,0.014029743761586201,timing_attack
11,705,64.0909090909091,6.515081042606878,0.017252492904663085,0.014232169668702244,timing_attack
9,568,63.111111111111114,6.723829009069897,0.016828149557113647,0.016828383415358934,timing_attack
10,651,65.1,5.957348403442592,0.015977780024210613,0.015420100785955614,timing_attack
12,764,63.666666666666664,7.1336448530109,0.01747218045321378,0.01559572380450569,timing_attack
8,519,64.875,6.641488914392616,0.01852471487862723,0.014674101852708458,timing_attack
12,771,64.25,6.2599920127744575,0.016032999212091618,0.020600539282496652,timing_attack
10,634,63.4,6.437390775772432,0.02008379830254449,0.01809780691749987,timing_attack
9,573,63.666666666666664,7.1336448530109,0.022941887378692627,0.018825823156842055,timing_attack
10,651,65.1,5.957348403442592,0.01698144276936849,0.013716941027882547,timing_attack
9,573,63.666666666666664,7.1336448530109,0.02013498544692993,0.012633971100676723,timing_attack
9,573,63.666666666666664,7.1336448530109,0.017712384462356567,0.018820335508027003,timing_attack
11,705,64.0909090909091,6.515081042606878,0.01763768196105957,0.01428562116809017,timing_attack
11,705,64.0909090909091,6.515081042606878,0.014382600784301758,0.016144532543643057,timing_attack
9,573,63.666666666666664,7.1336448530109,0.018325626850128174,0.014139861116034578,timing_attack
10,651,65.1,5.957348403442592,0.017963118023342557,0.014839192374398387,timing_attack
9,573,63.666666666666664,7.1336448530109,0.017769992351531982,0.014386664573974034,timing_attack
9,573,63.666666666666664,7.1336448530109,0.020011991262435913,0.012066030431122438,timing_attack
10,627,62.7,7.362744053679987,0.020446883307562932,0.015058897547829818,timing_attack
11,710,64.54545454545455,6.800583348823652,0.017553091049194336,0.01956137882975855,timing_attack
9,573,63.666666666666664,7.1336448530109,0.019841492176055908,0.012794982368708503,timing_attack
11,705,64.0909090909091,6.515081042606878,0.01751530170440674,0.013751019891501494,timing_attack
8,502,62.75,7.048936089935842,0.02151141847882952,0.012597815683769057,timing_attack
13,837,64.38461538461539,6.032456592830048,0.016159077485402424,0.018869597237070806,timing_attack
10,644,64.4,7.116178749862879,0.018452564875284832,0.016846390679730705,timing_attack
10,627,62.7,7.362744053679987,0.020480102962917753,0.0158233142230803,timing_attack
10,639,63.9,6.803675477269621,0.020456102159288194,0.015773129539932783,timing_attack
9,573,63.666666666666664,7.1336448530109,0.023732125759124756,0.013830021049880244,timing_attack
9,573,63.666666666666664,7.1336448530109,0.02382984757423401,0.01354008711354784,timing_attack
11,717,65.18181818181819,5.685998462222505,0.01577019691467285,0.015283870827862128,timing_attack
10,627,62.7,7.362744053679987,0.020501560635036893,0.01519508157084686,timing_attack
10,651,65.1,5.957348403442592,0.017057869169447158,0.013604113901796956,timing_attack
9,573,63.666666666666664,7.1336448530109,0.019771724939346313,0.012673250709530204,timing_attack
10,627,62.7,7.362744053679987,0.02044743961758084,0.018564992295414064,timing_attack
11,710,64.54545454545455,6.800583348823652,0.016222000122070312,0.016458825252375294,timing_attack
11,705,64.0909090909091,6.515081042606878,0.015316486358642578,0.013572126630233907,timing_attack
9,573,63.666666666666664,7.1336448530109,0.01986512541770935,0.013668745061071267,timing_attack
9,573,63.666666666666664,7.1336448530109,0.017737507820129395,0.014431760645299834,timing_attack
11,705,64.0909090909091,6.515081042606878,0.01600329875946045,0.018414686010319647,timing_attack
10,627,62.7,7.362744053679987,0.02050932248433431,0.01512770712801101,timing_attack
11,705,64.0909090909091,6.515081042606878,0.018496394157409668,0.0174124130874349,timing_attack
12,783,65.25,5.448623679425842,0.014539003372192383,0.016069713362480156,timing_attack
14,896,64.0,6.654751256486923,0.013379610501802884,0.01709354071478062,timing_attack
9,573,63.666666666666664,7.1336448530109,0.02006387710571289,0.018415299905417733,timing_attack
8,519,64.875,6.641488914392616,0.020099878311157227,0.013482033073898432,timing_attack
11,705,64.0909090909091,6.515081042606878,0.015952682495117186,0.013710812939547208,timing_attack
13,842,64.76923076923077,6.2776017732625125,0.014263590176900228,0.0153280516253143,timing_attack
9,568,63.111111111111114,6.723829009069897,0.018802881240844727,0.01608451979103422,timing_attack
10,651,65.1,5.957348403442592,0.017074876361423068,0.013431562466694403,timing_attack
13,837,64.38461538461539,6.032456592830048,0.014789422353108725,0.01583872702218929,timing_attack
11,705,64.0909090909091,6.515081042606878,0.01595890522003174,0.014806590230165855,timing_attack
9,573,63.666666666666664,7.1336448530109,0.017784982919692993,0.01831011308112481,timing_attack
10,627,62.7,7.362744053679987,0.020357900195651583,0.022444184089783686,timing_attack
14,908,64.85714285714286,6.05754715631834,0.01488507710970365,0.01916849771157273,timing_attack
11,705,64.0909090909091,6.515081042606878,0.019141507148742676,0.02305682372222263,timing_attack
8,502,62.75,7.048936089935842,0.0261272702898298,0.015230132254358961,timing_attack
8,519,64.875,6.641488914392616,0.027683564594813755,0.015150081933569436,timing_attack
9,573,63.666666666666664,7.1336448530109,0.01948300004005432,0.012976124721599197,timing_attack
9,573,63.666666666666664,7.1336448530109,0.018066614866256714,0.018133116951765907,timing_attack
11,705,64.0909090909091,6.515081042606878,0.015316390991210937,0.013738645583686709,timing_attack
9,573,63.666666666666664,7.1336448530109,0.01772788166999817,0.014155977232241412,timing_attack
11,710,64.54545454545455,6.800583348823652,0.015881109237670898,0.015997242140258577,timing_attack
9,573,63.666666666666664,7.1336448530109,0.017887383699417114,0.01411321613642448,timing_attack
12,764,63.666666666666664,7.1336448530109,0.015995264053344727,0.015992026174914756,timing_attack
7,436,62.285714285714285,7.420325093268887,0.02766116460164388,0.014042914487493558,timing_attack
9,573,63.666666666666664,7.1336448530109,0.022840499877929688,0.015155318319108976,timing_attack
10,651,65.1,5.957348403442592,0.01705601480272081,0.013852783794910221,timing_attack
11,705,64.0909090909091,6.515081042606878,0.015943098068237304,0.014515713758291403,timing_attack
10,639,63.9,6.803675477269621,0.02047533459133572,0.01491593064838601,timing_attack
10,644,64.4,7.116178749862879,0.020201232698228624,0.015325114679172825,timing_attack
9,573,63.666666666666664,7.1336448530109,0.018056005239486694,0.013575904539922289,timing_attack
9,573,63.666666666666664,7.1336448530109,0.017650872468948364,0.014496644193703206,timing_attack
11,705,64.0909090909091,6.515081042606878,0.015745711326599122,0.014981023289965966,timing_attack
11,705,64.0909090909091,6.515081042606878,0.0152817964553833,0.014130948094290373,timing_attack
11,705,64.0909090909091,6.515081042606878,0.015906906127929686,0.015035241311083346,timing_attack
10,627,62.7,7.362744053679987,0.020406113730536565,0.01570074117913629,timing_attack
11,705,64.0909090909091,6.515081042606878,0.018370604515075682,0.02047062946466661,timing_attack
10,651,65.1,5.957348403442592,0.01779076788160536,0.014677364195048137,timing_attack
10,627,62.7,7.362744053679987,0.02040166325039334,0.01575509271024481,timing_attack
11,705,64.0909090909091,6.515081042606878,0.01841690540313721,0.016241630382694053,timing_attack
10,651,65.1,5.957348403442592,0.01756164762708876,0.017920491607012985,timing_attack
10,627,62.7,7.362744053679987,0.020546674728393555,0.015357907967648658,timing_attack
10,639,63.9,6.803675477269621,0.020364999771118164,0.015078260668990056,timing_attack
10,644,64.4,7.116178749862879,0.020576450559828017,0.015623607038464334,timing_attack
8,519,64.875,6.641488914392616,0.020303010940551758,0.013446930065392049,timing_attack
10,627,62.7,7.362744053679987,0.020509878794352215,0.01912935155220102,timing_attack
10,651,65.1,5.957348403442592,0.017482890023125544,0.015577751782985781,timing_attack
11,705,64.0909090909091,6.515081042606878,0.015901803970336914,0.01432327960023961,timing_attack
9,573,63.666666666666664,7.1336448530109,0.0181921124458313,0.014240185976555233,timing_attack
10,627,62.7,7.362744053679987,0.020526674058702257,0.015495267642053702,timing_attack
9,573,63.666666666666664,7.1336448530109,0.022900134325027466,0.014630160074619801,timing_attack
11,710,64.54545454545455,6.800583348823652,0.017494797706604004,0.01615816280520893,timing_attack
11,705,64.0909090909091,6.515081042606878,0.016133785247802734,0.01532429517699748,timing_attack
10,634,63.4,6.437390775772433,0.01851677894592285,0.01472004435233309,timing_attack
9,573,63.666666666666664,7.1336448530109,0.0236361026763916,0.024997114240089935,timing_attack
10,639,63.9,6.803675477269621,0.021256658766004775,0.01678501926237395,timing_attack
10,651,65.1,5.957348403442592,0.017383442984686956,0.01513307277098179,timing_attack
11,705,64.0909090909091,6.515081042606878,0.014359307289123536,0.01643353971657775,timing_attack
10,651,65.1,5.957348403442592,0.01750334103902181,0.015189180635741966,timing_attack
11,705,64.0909090909091,6.515081042606878,0.016021084785461426,0.015704929173968818,timing_attack
10,627,62.7,7.362744053679987,0.018540355894300673,0.019914020993901806,timing_attack
12,783,65.25,5.448623679425842,0.01596145196394487,0.015155762269910306,timing_attack
9,573,63.666666666666664,7.1336448530109,0.017697006464004517,0.02159192062974099,timing_attack
11,705,64.0909090909091,6.515081042606878,0.01686141490936279,0.016997658887133,timing_attack
13,837,64.38461538461539,6.032456592830048,0.012744903564453125,0.013522001968998285,timing_attack
11,705,64.0909090909091,6.515081042606878,0.01752650737762451,0.014365961162129718,timing_attack
9,573,63.666666666666664,7.1336448530109,0.015958130359649658,0.015488735605664316,timing_attack
9,573,63.666666666666664,7.1336448530109,0.02418649196624756,0.014147374176363874,timing_attack
9,573,63.666666666666664,7.1336448530109,0.01784414052963257,0.018833066361570793,timing_attack
11,705,64.0909090909091,6.515081042606878,0.013257598876953125,0.01446978200776073,timing_attack
9,573,63.666666666666664,7.1336448530109,0.01816573739051819,0.01808171014878911,timing_attack
11,705,64.0909090909091,6.515081042606878,0.0149993896484375,0.01378093750238147,timing_attack
11,705,64.0909090909091,6.515081042606878,0.016021108627319335,0.015384870055168417,timing_attack
11,705,64.0909090909091,6.515081042606878,0.016942501068115234,0.020659207499524844,timing_attack
9,573,63.666666666666664,7.1336448530109,0.0199739933013916,0.01698842571139403,timing_attack
7,436,62.285714285714285,7.420325093268887,0.024918317794799805,0.01779411169252865,timing_attack
10,651,65.1,5.957348403442592,0.016911559634738497,0.018174364548282074,timing_attack
11,705,64.0909090909091,6.515081042606878,0.015992903709411622,0.014766607240046947,timing_attack
12,764,63.666666666666664,7.1336448530109,0.01608653502030806,0.018474887552710643,timing_attack
9,573,63.666666666666664,7.1336448530109,0.01995787024497986,0.01286927380840073,timing_attack
11,705,64.0909090909091,6.515081042606878,0.015851497650146484,0.01581856117305384,timing_attack
9,573,63.666666666666664,7.1336448530109,0.018270373344421387,0.014191539140613598,timing_attack
12,771,64.25,6.2599920127744575,0.016656095331365414,0.016514346842698754,timing_attack
11,705,64.0909090909091,6.515081042606878,0.0189420223236084,0.016133403851854848,timing_attack
10,644,64.4,7.116178749862879,0.020301659901936848,0.0185475582278449,timing_attack
8,502,62.75,7.048936089935842,0.022809437343052456,0.015181028407153623,timing_attack
10,639,63.9,6.803675477269621,0.021128680970933702,0.022238989698381985,timing_attack
11,710,64.54545454545455,6.800583348823652,0.01758420467376709,0.015253723343103917,timing_attack
10,651,65.1,5.957348403442592,0.01582156287299262,0.015880569505455442,timing_attack
11,705,64.0909090909091,6.515081042606878,0.015928101539611817,0.015565721164994403,timing_attack
11,705,64.0909090909091,6.515081042606878,0.015856194496154784,0.01595031122456347,timing_attack
12,759,63.25,6.832825184358224,0.01673791625282981,0.01621867492563841,timing_attack
12,783,65.25,5.448623679425842,0.015136090191927824,0.014728612262897716,timing_attack
11,705,64.0909090909091,6.515081042606878,0.015166378021240235,0.01735285012538449,timing_attack
9,573,63.666666666666664,7.1336448530109,0.020035624504089355,0.021803944871643274,timing_attack
11,705,64.0909090909091,6.515081042606878,0.015267181396484374,0.013996502936660991,timing_attack
9,573,63.666666666666664,7.1336448530109,0.019713252782821655,0.016862407062040747,timing_attack
9,573,63.666666666666664,7.1336448530109,0.01998138427734375,0.012497138745099279,timing_attack
9,573,63.666666666666664,7.1336448530109,0.017758607864379883,0.014473838956406953,timing_attack
14,891,63.642857142857146,6.398740309703185,0.014008393654456506,0.018051133404583874,timing_attack
12,783,65.25,5.448623679425842,0.016824527220292526,0.015789002983181647,timing_attack
14,915,65.35714285714286,5.051267773782041,0.01320646359370305,0.01587382650307146,timing_attack
9,573,63.666666666666664,7.1336448530109,0.018130987882614136,0.014383757756274622,timing_attack
10,656,65.6,6.216108107168021,0.01758453581068251,0.016792952551918428,timing_attack
11,710,64.54545454545455,6.800583348823652,0.01761438846588135,0.015696972384723656,timing_attack
9,573,63.666666666666664,7.1336448530109,0.01982748508453369,0.012449485800480336,timing_attack
10,634,63.4,6.437390775772432,0.018569336997138128,0.014668082091702993,timing_attack
9,573,63.666666666666664,7.1336448530109,0.023798882961273193,0.017768399178437786,timing_attack
10,644,64.4,7.116178749862879,0.020428684022691514,0.015035714186784241,timing_attack
9,573,63.666666666666664,7.1336448530109,0.019933253526687622,0.012738322102875095,timing_attack
9,573,63.666666666666664,7.1336448530109,0.017839103937149048,0.013921226227447433,timing_attack
11,705,64.0909090909091,6.515081042606878,0.0157214879989624,0.014810194698279123,timing_attack
13,837,64.38461538461539,6.032456592830048,0.01328649123509725,0.015818162516297724,timing_attack
12,771,64.25,6.2599920127744575,0.01609327576377175,0.017985538066414706,timing_attack
10,639,63.9,6.803675477269621,0.01932867368062337,0.017486075279409142,timing_attack
11,705,64.0909090909091,6.515081042606878,0.016897702217102052,0.015535951417790872,timing_attack
9,568,63.111111111111114,6.723829009069897,0.018806129693984985,0.017977352099780474,timing_attack
9,573,63.666666666666664,7.1336448530109,0.023128151893615723,0.01937053412732617,timing_attack
9,573,63.666666666666664,7.1336448530109,0.022982001304626465,0.014133008976748868,timing_attack
10,656,65.6,6.216108107168021,0.01967620849609375,0.014575285608181924,timing_attack
9,573,63.666666666666664,7.1336448530109,0.017636001110076904,0.014410505916221143,timing_attack
11,705,64.0909090909091,6.515081042606878,0.01762688159942627,0.01436574038135862,timing_attack
8,519,64.875,6.641488914392616,0.020374434334891185,0.01298679187816024,timing_attack
13,837,64.38461538461539,6.032456592830048,0.016411821047465008,0.014875529431592047,timing_attack
11,705,64.0909090909091,6.515081042606878,0.014394617080688477,0.01576995581691232,timing_attack
10,634,63.4,6.437390775772432,0.016656796137491863,0.015578610932335224,timing_attack
11,710,64.54545454545455,6.800583348823652,0.019655513763427734,0.019610747279882518,timing_attack
10,639,63.9,6.803675477269621,0.01752977901034885,0.01850430198266264,timing_attack
10,627,62.7,7.362744053679987,0.019322580761379667,0.017574932248284922,timing_attack
12,783,65.25,5.448623679425842,0.01372482559897683,0.015226218196367367,timing_attack
9,573,63.666666666666664,7.1336448530109,0.019916385412216187,0.013041824718250957,timing_attack
13,825,63.46153846153846,6.605538289547231,0.015216171741485596,0.016104036002280556,timing_attack
8,514,64.25,6.2599920127744575,0.02222728729248047,0.014421315382134738,timing_attack
11,705,64.0909090909091,6.515081042606878,0.019499993324279784,0.016483729632443316,timing_attack
9,590,65.55555555555556,6.550845765770522,0.020971983671188354,0.01579220923745599,timing_attack
11,705,64.0909090909091,6.515081042606878,0.01587080955505371,0.014597170484361249,timing_attack
14,891,63.642857142857146,6.398740309703185,0.014199146857628455,0.018298517905875604,timing_attack
10,651,65.1,5.957348403442592,0.01581777466668023,0.01581968067253977,timing_attack
9,573,63.666666666666664,7.1336448530109,0.019750475883483887,0.012743356459849683,timing_attack
10,627,62.7,7.362744053679987,0.020320786370171443,0.014846880711938232,timing_attack
11,710,64.54545454545455,6.800583348823652,0.019416499137878417,0.01834779955979667,timing_attack
9,568,63.111111111111114,6.723829009069897,0.01862776279449463,0.014573808398116622,timing_attack
11,710,64.54545454545455,6.800583348823652,0.017538809776306154,0.018981131469530108,timing_attack
11,705,64.0909090909091,6.515081042606878,0.016098499298095703,0.015159890335357033,timing_attack
15,969,64.6,5.642694391866355,0.010994366237095423,0.016364306577211527,timing_attack
11,705,64.0909090909091,6.515081042606878,0.014378809928894043,0.015827686500261666,timing_attack
9,573,63.666666666666664,7.1336448530109,0.019773393869400024,0.013336386138387198,timing_attack
9,573,63.666666666666664,7.1336448530109,0.020279377698898315,0.012493325425722356,timing_attack
11,705,64.0909090909091,6.515081042606878,0.016223907470703125,0.014308220512687238,timing_attack
11,705,64.0909090909091,6.515081042606878,0.01588578224182129,0.014829961823665897,timing_attack
11,705,64.0909090909091,6.515081042606878,0.017478203773498534,0.014060574162518647,timing_attack
8,519,64.875,6.641488914392616,0.018019437789916992,0.01488228823936202,timing_attack
11,705,64.0909090909091,6.515081042606878,0.01840529441833496,0.016037271111237747,timing_attack
11,710,64.54545454545455,6.800583348823652,0.017703795433044435,0.019383655228153506,timing_attack
11,705,64.0909090909091,6.515081042606878,0.015462088584899902,0.013648120796184061,timing_attack
11,705,64.0909090909091,6.515081042606878,0.016833806037902833,0.01681078197747657,timing_attack
11,705,64.0909090909091,6.515081042606878,0.014192914962768555,0.01534133483825827,timing_attack
9,573,63.666666666666664,7.1336448530109,0.017815500497817993,0.013922841554283333,timing_attack
13,842,64.76923076923077,6.2776017732625125,0.014761666456858316,0.016511593434540284,timing_attack
13,837,64.38461538461539,6.032456592830048,0.012825508912404379,0.01590316617485282,timing_attack
9,573,63.666666666666664,7.1336448530109,0.01776537299156189,0.014341644574151022,timing_attack
12,759,63.25,6.832825184358224,0.01668483560735529,0.015917782801041808,timing_attack
10,651,65.1,5.957348403442592,0.016069438722398546,0.01669866119485807,timing_attack
12,759,63.25,6.832825184358224,0.016783280806107956,0.01675844404124699,timing_attack
9,573,63.666666666666664,7.1336448530109,0.022935867309570312,0.015506059491744129,timing_attack
11,710,64.54545454545455,6.800583348823652,0.015978002548217775,0.01680079890081589,timing_attack
8,502,62.75,7.048936089935842,0.026330130440848216,0.01830627112613201,timing_attack
10,644,64.4,7.116178749862879,0.018504116270277236,0.01589942946017203,timing_attack
16,1028,64.25,6.2599920127744575,0.012445004781087239,0.016063497060917534,timing_attack
8,502,62.75,7.048936089935842,0.021448714392525808,0.013189203184356249,timing_attack
12,776,64.66666666666667,6.523461930260309,0.016176353801380505,0.015572907523820413,timing_attack
10,627,62.7,7.362744053679987,0.01765267054239909,0.01670806932706779,timing_attack
11,705,64.0909090909091,6.515081042606878,0.01443779468536377,0.01560930438385793,timing_attack
11,705,64.0909090909091,6.515081042606878,0.015801095962524415,0.015322334708512757,timing_attack
10,639,63.9,6.803675477269621,0.020413875579833984,0.014284809111157398,timing_attack
11,705,64.0909090909091,6.515081042606878,0.019108796119689943,0.01594900302708924,timing_attack
12,783,65.25,5.448623679425842,0.017508268356323242,0.017877601996658523,timing_attack
9,585,65.0,6.27162924074226,0.0187855064868927,0.01536671021460936,timing_attack
14,896,64.0,6.654751256486923,0.013581239260160007,0.016667851889821124,timing_attack
11,705,64.0909090909091,6.515081042606878,0.014350819587707519,0.016175262969914516,timing_attack
12,759,63.25,6.832825184358224,0.014270912517200817,0.015598275440191666,timing_attack
10,627,62.7,7.362744053679987,0.020502434836493597,0.01517590147871503,timing_attack
11,710,64.54545454545455,6.800583348823652,0.016007304191589355,0.0164453199203697,timing_attack
12,764,63.666666666666664,7.1336448530109,0.014542102813720703,0.01650130294182235,timing_attack
14,896,64.0,6.654751256486923,0.013707546087411733,0.017297926253702724,timing_attack
9,573,63.666666666666664,7.1336448530109,0.01795390248298645,0.013951239828533055,timing_attack
13,837,64.38461538461539,6.032456592830047,0.015175163745880127,0.015466581611507064,timing_attack
11,710,64.54545454545455,6.800583348823652,0.015960001945495607,0.016415919416132754,timing_attack
14,891,63.642857142857146,6.398740309703185,0.014119680111224834,0.017422385262149176,timing_attack
10,651,65.1,5.957348403442592,0.01683399412367079,0.013418489766465608,timing_attack
12,764,63.666666666666664,7.1336448530109,0.014799724925648083,0.01618294456397843,timing_attack
13,825,63.46153846153846,6.605538289547231,0.015198667844136557,0.01645729055000429,timing_attack
9,585,65.0,6.27162924074226,0.01778024435043335,0.014386702003366305,timing_attack
11,710,64.54545454545455,6.800583348823651,0.017868590354919434,0.01567668346488959,timing_attack
11,705,64.0909090909091,6.515081042606878,0.014963698387145997,0.013956672503920485,timing_attack
13,842,64.76923076923077,6.2776017732625125,0.014615933100382486,0.017180404230588656,timing_attack
11,705,64.0909090909091,6.515081042606878,0.016346502304077148,0.013515470291459055,timing_attack
10,651,65.1,5.957348403442592,0.01524209976196289,0.014920067536479285,timing_attack
9,573,63.666666666666664,7.1336448530109,0.017722755670547485,0.018603170785403966,timing_attack
9,573,63.666666666666664,7.1336448530109,0.019959241151809692,0.01345075122177024,timing_attack
9,573,63.666666666666664,7.1336448530109,0.01781398057937622,0.01444412469939648,timing_attack
12,759,63.25,6.832825184358224,0.01664371923966841,0.017287523310771557,timing_attack
12,788,65.66666666666667,5.676462121975467,0.017547455700961025,0.01539474291915286,timing_attack
11,705,64.0909090909091,6.515081042606878,0.015001487731933594,0.017436239073257215,timing_attack
11,705,64.0909090909091,6.515081042606878,0.01433999538421631,0.014343256592531663,timing_attack
11,705,64.0909090909091,6.515081042606878,0.017556405067443846,0.014311973391643458,timing_attack
11,705,64.0909090909091,6.515081042606878,0.013259387016296387,0.014577251429534172,timing_attack
10,651,65.1,5.957348403442592,0.017492877112494573,0.018671730241773998,timing_attack
14,896,64.0,6.654751256486923,0.012988915810218224,0.01582536880475349,timing_attack
9,573,63.666666666666664,7.1336448530109,0.01787087321281433,0.014133781572171699,timing_attack
14,896,64.0,6.654751256486923,0.014757761588463416,0.015865387854404018,timing_attack
10,651,65.1,5.957348403442592,0.013934002982245551,0.013851075115781984,timing_attack
11,705,64.0909090909091,6.515081042606878,0.016990303993225098,0.013019448964142224,timing_attack
9,573,63.666666666666664,7.1336448530109,0.019765138626098633,0.01249249017697755,timing_attack
12,766,63.833333333333336,5.95585612840188,0.015246087854558771,0.016018109559909482,timing_attack
8,531,66.375,5.218656436287025,0.02133543150765555,0.01917753425240787,timing_attack
12,766,63.833333333333336,5.95585612840188,0.01678245717828924,0.017125839276539004,timing_attack
9,573,63.666666666666664,7.1336448530109,0.01985722780227661,0.01706931458115487,timing_attack
5,328,65.6,6.21610810716802,0.034671247005462646,0.028609667233751218,timing_attack
7,448,64.0,6.654751256486923,0.029871503512064617,0.01618825867441057,timing_attack
8,514,64.25,6.2599920127744575,0.01780942508152553,0.01798179279876441,timing_attack
10,634,63.4,6.437390775772432,0.02051467365688748,0.013808694553759208,timing_attack
11,705,64.0909090909091,6.515081042606878,0.01833038330078125,0.018566316521664916,timing_attack
9,590,65.55555555555556,6.550845765770522,0.019275248050689697,0.016608646472680868,timing_attack
9,573,63.666666666666664,7.1336448530109,0.019780009984970093,0.017945637172051734,timing_attack
9,573,63.666666666666664,7.1336448530109,0.017984628677368164,0.013769385260573285,timing_attack
11,705,64.0909090909091,6.515081042606878,0.0165618896484375,0.014878959292644404,timing_attack
8,502,62.75,7.048936089935842,0.023831299373081753,0.016743497626081006,timing_attack
8,507,63.375,7.515608757778707,0.02582086835588728,0.014748741255638742,timing_attack
8,519,64.875,6.641488914392616,0.02316583905901228,0.018182554482013766,timing_attack
7,460,65.71428571428571,5.2566769979926,0.027921001116434734,0.022201942089105524,timing_attack
11,705,64.0909090909091,6.515081042606878,0.01527719497680664,0.017084484299324056,timing_attack
9,573,63.666666666666664,7.1336448530109,0.017850399017333984,0.014759022986537654,timing_attack
13,825,63.46153846153846,6.605538289547231,0.015303929646809896,0.016810051320156526,timing_attack
11,705,64.0909090909091,6.515081042606878,0.01935880184173584,0.01622523675470535,timing_attack
10,644,64.4,7.116178749862879,0.018133216434054904,0.019186371288079183,timing_attack
12,766,63.833333333333336,5.95585612840188,0.01670018109408292,0.015220250723849206,timing_attack
9,573,63.666666666666664,7.1336448530109,0.02389812469482422,0.013960771219223369,timing_attack
10,644,64.4,7.116178749862879,0.020451996061537,0.014877530733704672,timing_attack
10,651,65.1,5.957348403442592,0.017159885830349393,0.012907249908224285,timing_attack
12,783,65.25,5.448623679425842,0.014001998034390535,0.014465109317432168,timing_attack
9,573,63.666666666666664,7.1336448530109,0.01989126205444336,0.014823844498011041,timing_attack
6,377,62.833333333333336,6.491447364716815,0.0333615779876709,0.023959445556215198,timing_attack
7,448,64.0,6.654751256486923,0.025058666865030926,0.020533830583005674,timing_attack
6,382,63.666666666666664,7.1336448530109,0.03235321044921875,0.013269691306786792,timing_attack
5,340,68.0,2.449489742783178,0.03788745403289795,0.03290878316586027,timing_attack
8,502,62.75,7.048936089935842,0.023694685527256558,0.016544852447469765,timing_attack
9,585,65.0,6.27162924074226,0.019372999668121338,0.01871778078356908,timing_attack
11,705,64.0909090909091,6.515081042606878,0.017851614952087404,0.015277350516053109,timing_attack
8,514,64.25,6.2599920127744575,0.0173074517931257,0.012319763497717347,timing_attack
9,573,63.666666666666664,7.1336448530109,0.01983565092086792,0.015244798775579512,timing_attack
9,573,63.666666666666664,7.1336448530109,0.019972622394561768,0.012518201493061645,timing_attack
13,842,64.76923076923077,6.2776017732625125,0.014162917931874594,0.015696279199551636,timing_attack
8,514,64.25,6.2599920127744575,0.024232115064348494,0.01803653805537752,timing_attack
6,382,63.666666666666664,7.1336448530109,0.027292776107788085,0.019927757542159613,timing_attack
7,448,64.0,6.654751256486923,0.027520179748535156,0.016916201136178182,timing_attack
10,634,63.4,6.437390775772432,0.019373443391588,0.017876278820232426,timing_attack
10,651,65.1,5.957348403442592,0.016804218292236328,0.013703464615920721,timing_attack
10,627,62.7,7.362744053679987,0.020566225051879883,0.015328750088862787,timing_attack
8,519,64.875,6.641488914392616,0.021577869142804827,0.015365660257810488,timing_attack
12,764,63.666666666666664,7.1336448530109,0.014817454598166725,0.016298919574231588,timing_attack
12,764,63.666666666666664,7.1336448530109,0.017426360737193714,0.018022468424207173,timing_attack
10,639,63.9,6.803675477269621,0.017856465445624456,0.013257121366611623,timing_attack
12,771,64.25,6.2599920127744575,0.015340805053710938,0.017252672511477357,timing_attack
11,705,64.0909090909091,6.515081042606878,0.0159757137298584,0.015837483621904496,timing_attack
8,519,64.875,6.641488914392616,0.0223125730242048,0.013704637443880698,timing_attack
9,573,63.666666666666664,7.1336448530109,0.019810616970062256,0.013907057046393386,timing_attack
3,191,63.666666666666664,7.1336448530109,0.07008743286132812,0.05373048782348633,timing_attack
6,382,63.666666666666664,7.1336448530109,0.034273958206176756,0.02885006272244439,timing_attack
6,382,63.666666666666664,7.1336448530109,0.0345369815826416,0.023392521440111197,timing_attack
9,580,64.44444444444444,5.92754607482184,0.019009262323379517,0.013962521665343602,timing_attack
5,311,62.2,6.939740629158989,0.03430420160293579,0.020585505101651608,timing_attack
8,519,64.875,6.641488914392616,0.027036292212350026,0.015469878502395942,timing_attack
9,573,63.666666666666664,7.1336448530109,0.017817646265029907,0.018354509128913146,timing_attack
8,519,64.875,6.641488914392616,0.020564556121826172,0.01866032223453244,timing_attack
9,573,63.666666666666664,7.1336448530109,0.02001851797103882,0.016705435657417285,timing_attack
11,705,64.0909090909091,6.515081042606878,0.018354511260986327,0.01998475149196697,timing_attack
10,651,65.1,5.957348403442592,0.018648544947306316,0.01289318076493469,timing_attack
8,519,64.875,6.641488914392616,0.023848840168544223,0.019229274337373654,timing_attack
10,634,63.4,6.437390775772433,0.016629457473754883,0.016445923933456633,timing_attack
9,585,65.0,6.27162924074226,0.01984235644340515,0.020979740315580322,timing_attack
9,573,63.666666666666664,7.1336448530109,0.019858121871948242,0.014049476712938061,timing_attack
11,705,64.0909090909091,6.515081042606878,0.015902495384216307,0.013747810507947367,timing_attack
13,837,64.38461538461539,6.032456592830048,0.014058172702789307,0.014921127912927556,timing_attack
11,705,64.0909090909091,6.515081042606878,0.014937806129455566,0.017501431230676046,timing_attack
10,639,63.9,6.803675477269621,0.020248677995469835,0.016164774555740488,timing_attack
10,644,64.4,7.116178749862879,0.018689102596706815,0.017025022638067707,timing_attack
10,627,62.7,7.362744053679987,0.02044698927137587,0.015370832020133769,timing_attack
10,651,65.1,5.957348403442592,0.01630266507466634,0.015875275340191022,timing_attack
11,705,64.0909090909091,6.515081042606878,0.015767288208007813,0.015052425845040036,timing_attack
14,903,64.5,5.827888615466644,0.013956381724430965,0.015549639512757889,timing_attack
7,448,64.0,6.654751256486923,0.03082883358001709,0.021239856605593885,timing_attack
6,382,63.666666666666664,7.1336448530109,0.025615978240966796,0.015824749528386473,timing_attack
10,639,63.9,6.803675477269621,0.020140118069118924,0.018565095947271733,timing_attack
6,377,62.833333333333336,6.491447364716815,0.029331159591674805,0.018909168141079534,timing_attack
6,382,63.666666666666664,7.1336448530109,0.03233261108398437,0.013104839743740266,timing_attack
7,453,64.71428571428571,7.085483867221283,0.027799010276794434,0.019693797969304216,timing_attack
9,573,63.666666666666664,7.1336448530109,0.020898133516311646,0.015693959347799633,timing_attack
8,502,62.75,7.048936089935842,0.021629265376499722,0.021533794922235738,timing_attack
9,585,65.0,6.27162924074226,0.02011975646018982,0.01744437895122252,timing_attack
13,837,64.38461538461539,6.032456592830048,0.014699161052703857,0.015282857251836167,timing_attack
9,573,63.666666666666664,7.1336448530109,0.017940253019332886,0.01852933312148818,timing_attack
9,573,63.666666666666664,7.1336448530109,0.019499629735946655,0.018252760009317363,timing_attack
8,502,62.75,7.048936089935842,0.021505015236990794,0.01824645369284695,timing_attack
3,191,63.666666666666664,7.1336448530109,0.02886950969696045,0.012071490287780762,timing_attack
12,788,65.66666666666667,5.676462121975466,0.01551198959350586,0.016873105420071963,timing_attack
10,634,63.4,6.437390775772433,0.016803873909844294,0.01614407733131705,timing_attack
11,698,63.45454545454545,7.414526728764975,0.018249201774597167,0.018802353180656435,timing_attack
11,705,64.0909090909091,6.515081042606878,0.015131402015686034,0.01780490455001303,timing_attack
10,627,62.7,7.362744053679987,0.01849145359463162,0.02009391834386527,timing_attack
12,776,64.66666666666667,6.523461930260309,0.016511808742176403,0.0162588297247999,timing_attack
10,634,63.4,6.437390775772432,0.020442220899793837,0.01921218436754484,timing_attack
9,573,63.666666666666664,7.1336448530109,0.023181498050689697,0.014727156607792375,timing_attack
10,639,63.9,6.803675477269621,0.021308316124810114,0.020446369294395268,timing_attack
9,585,65.0,6.27162924074226,0.019543617963790894,0.017856747459480765,timing_attack
8,514,64.25,6.2599920127744575,0.020984138761247908,0.01748096057155443,timing_attack
12,759,63.25,6.832825184358224,0.01759880239313299,0.017905788880931806,timing_attack
12,776,64.66666666666667,6.523461930260309,0.016059181906960228,0.015558529653215136,timing_attack
11,705,64.0909090909091,6.515081042606878,0.01641569137573242,0.01930397462532621,timing_attack
9,568,63.111111111111114,6.723829009069897,0.02333986759185791,0.01780204017930176,timing_attack
11,710,64.54545454545455,6.800583348823652,0.01831209659576416,0.018953000226966055,timing_attack
10,639,63.9,6.803675477269621,0.021081023746066622,0.016413648580249695,timing_attack
9,573,63.666666666666664,7.1336448530109,0.019998133182525635,0.012679569103917744,timing_attack
9,573,63.666666666666664,7.1336448530109,0.02012425661087036,0.012234416228382738,timing_attack
12,766,63.833333333333336,5.95585612840188,0.013565085150978783,0.015980210944989078,timing_attack
11,717,65.18181818181819,5.685998462222505,0.01579709053039551,0.01559274997627669,timing_attack
10,627,62.7,7.362744053679987,0.01875199211968316,0.016445415076091333,timing_attack
10,651,65.1,5.957348403442592,0.017613119549221463,0.01592721483072749,timing_attack
9,573,63.666666666666664,7.1336448530109,0.019903510808944702,0.012817694849404454,timing_attack
9,573,63.666666666666664,7.1336448530109,0.01986449956893921,0.012808967931597283,timing_attack
10,627,62.7,7.362744053679987,0.020480102962917753,0.015490427269608562,timing_attack
11,705,64.0909090909091,6.515081042606878,0.018358397483825683,0.019231181107166307,timing_attack
11,705,64.0909090909091,6.515081042606878,0.019166088104248045,0.018761846747258535,timing_attack
10,639,63.9,6.803675477269621,0.020496659808688693,0.015537552009770866,timing_attack
13,849,65.3076923076923,5.238681798148129,0.013328254222869873,0.015959294075535854,timing_attack
9,573,63.666666666666664,7.1336448530109,0.017910242080688477,0.01407087697518764,timing_attack
10,627,62.7,7.362744053679987,0.020476553175184462,0.018477819179567444,timing_attack
11,705,64.0909090909091,6.515081042606878,0.01850600242614746,0.019571996638050194,timing_attack
12,771,64.25,6.2599920127744575,0.016697710210626774,0.016831045788121234,timing_attack
12,776,64.66666666666667,6.523461930260308,0.015266721898859198,0.01722119442231225,timing_attack
11,710,64.54545454545455,6.800583348823651,0.01603238582611084,0.016456552618670746,timing_attack
10,627,62.7,7.362744053679987,0.02024001545376248,0.014996180575294405,timing_attack
11,710,64.54545454545455,6.800583348823652,0.015992903709411622,0.016489639705090865,timing_attack
12,764,63.666666666666664,7.1336448530109,0.014403906735506926,0.01639500878422003,timing_attack
11,705,64.0909090909091,6.515081042606878,0.016942596435546874,0.012996581731887504,timing_attack
9,573,63.666666666666664,7.1336448530109,0.020442873239517212,0.01255697634596902,timing_attack
9,573,63.666666666666664,7.1336448530109,0.018057137727737427,0.01827059566078976,timing_attack
9,573,63.666666666666664,7.1336448530109,0.01800251007080078,0.013909132074178002,timing_attack
8,519,64.875,6.641488914392616,0.02042501313345773,0.012862029770387837,timing_attack
9,573,63.666666666666664,7.1336448530109,0.019753634929656982,0.01265244203087108,timing_attack
13,825,63.46153846153846,6.605538289547231,0.01654382546742757,0.019156233551051376,timing_attack
13,854,65.6923076923077,5.454491661918719,0.01448508103688558,0.01673881723336066,timing_attack
10,651,65.1,5.957348403442592,0.015235662460327148,0.01801750234499324,timing_attack
9,573,63.666666666666664,7.1336448530109,0.020126402378082275,0.017420015199601797,timing_attack
13,837,64.38461538461539,6.032456592830048,0.015332996845245361,0.013806114614252619,timing_attack
11,705,64.0909090909091,6.515081042606878,0.016006112098693848,0.015175932711391893,timing_attack
9,573,63.666666666666664,7.1336448530109,0.02009338140487671,0.018242529576374778,timing_attack
9,573,63.666666666666664,7.1336448530109,0.019762367010116577,0.01290604122884272,timing_attack
9,573,63.666666666666664,7.1336448530109,0.019856125116348267,0.0134150614446021,timing_attack
8,514,64.25,6.2599920127744575,0.016085692814418247,0.013918513856625982,timing_attack
13,830,63.84615384615385,6.881928998875397,0.016253153483072918,0.015063425767187217,timing_attack
10,634,63.4,6.437390775772432,0.02016554938422309,0.018163353592655453,timing_attack
9,573,63.666666666666664,7.1336448530109,0.02295100688934326,0.014326954570741115,timing_attack
9,573,63.666666666666664,7.1336448530109,0.02296537160873413,0.014670909858274584,timing_attack
11,710,64.54545454545455,6.800583348823652,0.019506406784057618,0.015524845872631305,timing_attack
6,382,63.666666666666664,7.1336448530109,0.02530560493469238,0.020356334034598,timing_attack
12,764,63.666666666666664,7.1336448530109,0.017442811619151722,0.014621895913739273,timing_attack
9,573,63.666666666666664,7.1336448530109,0.019749373197555542,0.017222500579551662,timing_attack
9,568,63.111111111111114,6.723829009069897,0.01870211958885193,0.015964732035339088,timing_attack
11,710,64.54545454545455,6.800583348823652,0.01933908462524414,0.018631593944973476,timing_attack
9,573,63.666666666666664,7.1336448530109,0.01968976855278015,0.013068709328716436,timing_attack
9,573,63.666666666666664,7.1336448530109,0.020054489374160767,0.012283461260172428,timing_attack
9,573,63.666666666666664,7.1336448530109,0.01999238133430481,0.01249591131557921,timing_attack
11,705,64.0909090909091,6.515081042606878,0.0159498929977417,0.01458928342355425,timing_attack
9,568,63.111111111111114,6.723829009069897,0.01902061700820923,0.015007511478566132,timing_attack
11,710,64.54545454545455,6.800583348823652,0.016042494773864747,0.016835438058518216,timing_attack
13,825,63.46153846153846,6.605538289547231,0.015237589677174887,0.01737089901010757,timing_attack
10,639,63.9,6.803675477269621,0.02103922102186415,0.020090783136331634,timing_attack
10,639,63.9,6.803675477269621,0.020426882637871638,0.01875495336403633,timing_attack
1,71,71.0,0.0,0.0,0.0,timing_attack
